TRACK_NAME,SINGER_NAME
Say So,Doja Cat
Blinding Lights,The Weeknd
Supalonely (feat. Gus Dapperton),BENEE
Savage,Megan Thee Stallion
Moral of the Story,Ashe
Rain On Me (with Ariana Grande),Lady Gaga
Babylon,Lady Gaga
Replay,Lady Gaga
My Oh My (feat. DaBaby),Camila Cabello
Physical,Dua Lipa
Glitter,BENEE
Put Your Records On,Ritt Momney
Stuck with U (with Justin Bieber),Ariana Grande
Break My Heart,Dua Lipa
Selfish,Madison Beer
LEMONS - Demo,Brye
The Less I Know The Better,Tame Impala
Buttercup,Jack Stauber
Dissolve,Absofacto
Sunday Best,Surfaces
Airplane Mode,Limbo
Chinese New Year,SALES
LMK,Lil Xxel
Why Is Everything Chrome (Lean Swag Rock Wit It),King Critical
Figure It Out,Blu DeTiger
They Call Me Tiago (Her Name Is Margo),Tiagz
My Heart Went Oops,Tiagz
Muffins In The Freezer,Tiagz
Beggin',Madcon
Kolors,monte booker
Play Date,Melanie Martinez
Ride It,Regard
No Idea,Don Toliver
Go Stupid (feat. NLE Choppa & Mike WiLL Made-It),Polo G
Cannibal,Kesha
Lottery (Renegade),K CAMP
Bad Boy,Yung Bae
Hard Times,Paramore
death bed (coffee for your head),Powfu
Backyard Boy,Claire Rosinkranz
cardigan,Taylor Swift
Beef FloMix,Flo Milli
Psycho!,MASN
Party Girl,StaySolidRocky
Electric Love,BÃ˜RNS
Producer Man,Lyn Lapid
ily (i love you baby) (feat. Emilee),Surf Mesa
Mariposa,Peach Tree Rascals
FML,Arizona Zervas
Savage Love (Laxed - Siren Beat),Jawsh 685
Stunnin',Curtis Waters
Deep End,FousheÃ©
Freak,Doja Cat
Funny Thing,Thundercat
Money Trees,Kendrick Lamar
Wait a Minute!,WILLOW
Eyes Blue Like The Atlantic,Sista Prod
Mood (feat. iann dior),24kGoldn
Mad at Disney,salem ilese
Boss Bitch,Doja Cat
Falling,Trevor Daniel
Moon (And It Went Like),Kid Francescoli
Just Fine,Mary J. Blige
Smile,Lily Allen
Bulletproof,La Roux
Heather,Conan Gray
Juicy,Doja Cat
Blueberry Faygo,Lil Mosey
American Boy,Estelle
Can't Stop Singing,Ross Lynch
Like That (feat. Gucci Mane),Doja Cat
Gimme Love,Joji
Mine,Bazzi
What They Want,Russ
La La La,Naughty Boy
ROXANNE,Arizona Zervas
Homage,Mild High Club
Opaul,Freddie Dredd
"Part of Your World - From ""The Little Mermaid"" / Soundtrack Version",Jodi Benson
Relationship (feat. Future),Young Thug
Borderline,Tame Impala
Renee,SALES
Don't Start Now,Dua Lipa
Freak (feat. REI AMI),Sub Urban
Candy,Doja Cat
Ophelia,The Lumineers
Violent Crimes,Kanye West
Someone To You,BANNERS
Plastic Hearts,Miley Cyrus
Primadonna,MARINA
Check It Out,will.i.am
Hood Baby,KBFR
Shoota (feat. Lil Uzi Vert),Playboi Carti
I Just Want to Be the One You Love,Boxout
Make You Mine,PUBLIC
To Be So Lonely,Harry Styles
Hotel Room Service,Pitbull
M to the B,Millie B
Say So (feat. Nicki Minaj),Doja Cat
What's My Name?,Rihanna
Whatcha Say,Jason Derulo
Hey Julie! (feat. Lil Yachty),KYLE
Crush,Tessa Violet
Mr. Blue Sky,Electric Light Orchestra
Myron,Lil Uzi Vert
I'm Looking for Mrs. Bubblegum,Memetown
Partition,BeyoncÃ©
Lets Link,WhoHeem
Are You Bored Yet? (feat. Clairo),Wallows
Trampoline,SHAED
Paper Planes,M.I.A.
She Belongs to the Streets (Toxic),Rontae Don't Play
OUT WEST (feat. Young Thug),JACKBOYS
Breathe,Years & Years
Yellow Hearts,Ant Saunders
Needs,Verzache
"Sofia the First Main Title Theme - From ""Sofia the First""",Cast - Sofia the First
Mi Pan Su Su Sum,Miel Pops
Wasabi,Little Mix
CITY OF ANGELS,24kGoldn
Rags to Riches,YoungBoy Never Broke Again
Hatchback,Cochise
VIBEZ,DaBaby
Obnimi (Remix),Okean Elzi
All About Cake (feat. Coi Leray & Kaash Paige),KyleYouMadeThat
Lose Control,MEDUZA
CoÃ±o,Puri
Grow A Pear,Kesha
Say So - Japanese Version,Rainych
Photo ID,Remi Wolf
TROLLZ (with Nicki Minaj),6ix9ine
Working Bitch,Ashnikko
Like That (feat. Gucci Mane),Doja Cat
Rags2Riches 2 (feat. Lil Baby),Rod Wave
Work Out,J. Cole
The Box,Roddy Ricch
Calabria 2008,Enur
Lalala,Y2K
Ben 10 - Theme Song,Kids Superstars
The Dice Beat Pt. 1,Ricky Desktop
Crimewave,Crystal Castles
Mr. Sandman,The Chordettes
Toy,Netta
Tonight You Belong To Me,Patience & Prudence
It Won't Stop (feat. Chris Brown) - EP Version,Sevyn Streeter
All I Want,Olivia Rodrigo
Stronger,Kanye West
After Party,Don Toliver
"King's Dead (with Kendrick Lamar, Future & James Blake)",Jay Rock
Take It Off,Kesha
3 Musketeers,NextYoungin
Heal Me,Lady Gaga
Queen of Disaster,Scarlett Rose
Leave Em Alone,Quality Control
Hurts So Good,Astrid S
Confident,Justin Bieber
I'd Rather Sleep,Kero Kero Bonito
Coffee Breath,Sofia Mills
Ready or Not,Bridgit Mendler
Toosie Slide,Drake
Roses - Imanbek Remix,SAINt JHN
No Idea,Don Toliver
Go Crazy,Chris Brown
No Guidance (feat. Drake),Chris Brown
Please Mr. Postman - Single Version / Mono,The Marvelettes
Get Up (feat. Chamillionaire),Ciara
Lay All Your Love On Me,ABBA
Vibe (If I Back It Up),Cookiee Kawaii
Something New (feat. Ty Dolla $ign),Wiz Khalifa
Magic In The Hamptons (feat. Lil Yachty),Social House
Watermelon Sugar,Harry Styles
Paradise,Coldplay
Cyber Sex,Doja Cat
We Know,Lin-Manuel Miranda
All The Stars (with SZA),Kendrick Lamar
Because Of You,Ne-Yo
Chanel,Frank Ocean
Round of Applause,K'ron
Daisy,Ashnikko
"More Than A Woman - From ""Saturday Night Fever"" Soundtrack",Bee Gees
Won't Bite (feat. Smino),Doja Cat
Heads Will Roll - A-Trak Remix,Yeah Yeah Yeahs
Just Canâ€™t Get Enough,Black Eyed Peas
Drugs,UPSAHL
SUGAR,BROCKHAMPTON
Y U Gotta B Like That,Audrey Mika
Take Your Man,Mahogany Lox
Save Your Tears,The Weeknd
Love Songs,Kaash Paige
GOOBA,6ix9ine
Bored In The House,Tyga
Bound 2,Kanye West
Still into You,Paramore
Don't Wanna Fall In Love,KYLE
prom dress,mxmtoon
fast,Sueco
High Fashion (feat. Mustard),Roddy Ricch
Knock at the Door,Playsongs People
Be My Baby,The Ronettes
Something For Your M.I.N.D.,Superorganism
Mary Jane (All Night Long),Mary J. Blige
Electric Feel,MGMT
Savage Remix (feat. BeyoncÃ©),Megan Thee Stallion
Dancing in My Room,347aidan
20 Min,Lil Uzi Vert
Throw That Back Like a Cadillac,El Memer
Gangsta,Kehlani
Monster,Lady Gaga
My Ordinary Life,The Living Tombstone
Walked In,Ultradiox
Lemonade,Internet Money
F2020,Avenue Beat
Desperado,Rihanna
Tap In,Saweetie
Good Form (feat. Lil Wayne) - Remix,Nicki Minaj
Island In The Sun,Weezer
Deep End Freestyle,Sleepy Hallow
Ramalama (Bang Bang),RÃ³isÃ­n Murphy
Outside (feat. Ellie Goulding),Calvin Harris
Only The Young - Featured in Miss Americana,Taylor Swift
Wet (She Got Thatâ€¦),YFN Lucci
Walk Man,Tiny Meat Gang
Marlboro Nights,Lonely God
Aesthetic,Xilo
Paris,Else
Do It,Chloe x Halle
Hello?,Clairo
Yellow Hearts (feat. Audrey Mika),Ant Saunders
Love Story (Taylorâ€™s Version),Taylor Swift
Another Day Of Sun,La La Land Cast
iSpy (feat. Lil Yachty),KYLE
Vibin',Kesh Kesh
Hungry Hippo,Tierra Whack
Becky,Championxiii
Kraazy,Likybo
Kream (feat. Tyga),Iggy Azalea
Let Go,Ark Patrol
Lost,Frank Ocean
Still Don't Know My Name,Labrinth
Disco Inferno,50 Cent
Famous (I'm The One) (feat. Yo Gotti & DeJ Loaf),Mozzy
Marry Me,Rasheeda
TKN (feat. Travis Scott),ROSALÃA
Do It Again,Pia Mia
223's (feat. 9lokknine),YNW Melly
VALENTINO,24kGoldn
May I,Flo Milli
THICK (feat. Megan Thee Stallion) - Remix,DJ Chose
Rake It Up (feat. Nicki Minaj),Yo Gotti
Crisis,Jasiah
Banana (feat. Shaggy) - DJ FLe - Minisiren Remix,Conkarah
Rags2Riches 2 (feat. Lil Baby),Rod Wave
Ponteme Despalda,Nfasis
When She Loved Me,Lyn Lapid
Say It Right,Nelly Furtado
To the Right,Devour
Let It Happen,Tame Impala
"Lemonade (feat. Gunna, Don Toliver & NAV)",Internet Money
Let's Do It Again,J Boog
SLOW DANCING IN THE DARK,Joji
hate u love u,Olivia O'Brien
Laxed â€“ Siren Beat,Jawsh 685
Get It Together,Drake
Pocketful of Sunshine,Natasha Bedingfield
Always Forever,Cults
Party Party Party (feat. Chris Brown & Dej Loaf),DJ Carisma
Interior Crocodile Alligator,Chip Tha Ripper
One Wish,Ray J
Baby I'm Yours,Breakbot
Cha Cha,Freddie Dredd
Go Go Go Who's Next?,Hip Hop Harry
No Role Modelz,J. Cole
Addison Rae,The Kid LAROI
WHATS POPPIN,Jack Harlow
Cheryl,Yung Gravy
Ultralight Beam,Kanye West
Mr. Clean,Yung Gravy
feel something,Bea Miller
Rodeo,Lil Nas X
Then Leave (feat. Queendom Come),BeatKing
I Wanna Love You,Akon
Everybody Talks,Neon Trees
Can't Leave 'Em Alone (feat. 50 Cent),Ciara
Moment 4 Life,Nicki Minaj
We R Who We R,Kesha
Give Your Heart a Break,Demi Lovato
Lucky,Britney Spears
Buttons,The Pussycat Dolls
Get Busy,Sean Paul
ROCKSTAR (feat. Roddy Ricch),DaBaby
Who Says,Selena Gomez & The Scene
Crystal Dolphin,Engelwood
